return,volatility,trading_volume,market_cap,pe_ratio,sector,region
-0.4620836534472341,3.330692058739588,1102.7306969177096,70794.85547434149,9.381403632010075,Finance,Europe
0.4113690099969488,3.2756367542904012,1308.035506706398,9635.61516292411,14.869691539066551,Finance,Asia
1.1940813363681233,4.273410149559668,1289.5086981891657,6455.58983053278,2.224804952796781,Finance,Americas
0.21945663139089505,2.5283031822858644,1120.688669043262,21915.25642958723,19.574707791391134,Finance,Asia
0.2707967597316429,0.315017503810584,1103.1451093586759,17063.945498719124,26.708371061407085,Technology,Europe
-0.9724702483431017,1.8155641157459632,918.7894406415801,11160.744286041423,31.937212175703245,Technology,Europe
-2.180548989919931,1.7333772297924457,862.8702932625424,62603.79455746552,3.335493160273106,Energy,Europe
1.0869599935380891,2.3751199975058968,952.4698615428109,92314.62077315203,8.631799545865093,Healthcare,Asia
0.8237936955004822,2.4068317840111115,888.3343460863011,25149.928420935485,29.832296664527433,Finance,Europe
-0.03584909383990928,2.386326499861755,1091.828526440026,202054.9808113517,14.287521498198599,Energy,Europe
0.9510666589588741,4.734048451258895,826.4149649857226,3973.753244865154,26.28933388355442,Technology,Europe
1.1710967253625986,2.929587547371367,765.7886275020234,16473.541231504223,5.241108079140768,Technology,Americas
-0.07120719584874144,0.4199686048558573,1098.2083607253112,7515.828325715922,41.1267018418674,Healthcare,Americas
0.3478809146385485,3.945889181678534,1017.3015092716424,1339.692078521297,4.836695221055117,Healthcare,Asia
0.9390258152256823,2.0021069682711032,985.0779478832159,19457.326681191764,19.154605721140584,Healthcare,Asia
-1.2613075043147561,2.658379978149776,871.8183675765974,18349.88777068549,19.522525607714012,Energy,Europe
-1.2012384256766917,1.3873542259246312,1120.0938197008602,213240.22260700312,11.091266646372153,Technology,Americas
-0.9628116836387337,2.3749856133889966,944.1352645528929,56739.025128324356,23.60381881018005,Technology,Europe
1.4437772544021161,4.066916625735766,1176.008563647403,4739.655645901932,24.08097617225878,Healthcare,Europe
-0.634890452748597,3.6421651938696233,929.6781576154121,355449.63678134704,22.26337210858229,Finance,Americas
0.631131247985551,2.1344109195200405,909.9953890423249,137523.56225850503,10.921630015980995,Healthcare,Americas
-0.8612462813244528,3.9553156452373983,740.2758908313306,52740.90161359903,9.210523499214437,Energy,Americas
0.2912321295116869,4.200441148368799,956.425041545495,15682.078644398223,11.921557874146924,Healthcare,Asia
-1.1333077726783447,3.7750425894510546,862.6888073498435,5223.072686272878,8.144267563383558,Healthcare,Asia
2.9346168113017512,3.5523335225356094,945.2201796188405,12602.995917333532,35.73231312264098,Energy,Europe
0.48062584160447197,3.304440488519401,1159.84013035099,112771.951426172,12.781833411568048,Healthcare,Asia
-0.9731173734363955,0.8122183279444495,1076.5484081035818,372085.6910085861,18.751522556234843,Technology,Americas
1.3533689484358935,4.512444980203254,1026.8015989857358,222986.22838368252,29.7490794182475,Finance,Americas
-1.1972034902438942,2.517690190955046,855.4053194644149,10580.054613130742,7.791393360525202,Healthcare,Asia
-0.6281635898725115,2.784597581680205,1080.950658315092,4107.516430669769,4.6300485926043216,Energy,Europe
1.1342148127072722,3.7812243360824622,990.24523567187,27209.715346509634,8.16961973508434,Finance,Europe
0.8229050638646661,1.823674886251372,945.8268080243903,1552.0640227367794,20.291306517399406,Energy,Asia
0.2205448681054374,3.403982641988443,1050.8935784928717,35765.948884313366,19.292906609786368,Finance,Europe
-0.5610154869234895,1.2066388252156093,995.0159872440945,17651.85437447019,22.232834347030092,Finance,Europe
-0.42828490548879705,1.9299648120590454,955.7313095841025,10948.363228227197,15.369279814990197,Healthcare,Europe
1.0682155086607552,5.263732324278243,1024.4903953258406,2014.135598768694,0.8462726372752063,Technology,Americas
1.5024391595307824,2.2119167128629313,1051.9574152280952,47591.05773469334,14.992538510304797,Healthcare,Americas
-1.8760945547805277,4.0988321870305455,994.5004250581737,9906.52332164049,32.494660778678906,Energy,Asia
0.15719464094429003,3.229690770056408,953.0456714259458,3809.010588866985,38.260325288794704,Energy,Americas
-0.19362186344839405,4.064584775504554,735.6219858568618,296.36940914343757,17.83763172737568,Finance,Europe
-1.4270798603549892,2.9448019029979218,1184.1268215534562,21135.886196937132,19.345983715519726,Finance,Americas
-1.688326068693747,3.982609691071097,706.7556778515399,314386.1841425275,25.947135537578426,Technology,Asia
-0.6480923066283186,2.0274932321069583,820.7913798351946,266169.5582778367,37.54044537741217,Healthcare,Americas
-1.083558889387367,1.1585063653132188,946.1106413013615,11096.173688444635,16.673483515374347,Energy,Europe
0.7323162507959775,2.681223613311044,775.342263844389,8925.62747463105,25.695386654150827,Finance,Europe
0.16396765314254924,2.66030756190128,1329.4739407683674,44496.30291372663,10.52169840446896,Technology,Asia
-0.701137835329055,2.110482669419031,1197.317163954317,4926.686055027429,5.352608902338702,Energy,Americas
-0.7696697958007935,1.8912180501668234,1306.0303275271194,34637.349692902615,11.473322387348485,Finance,Americas
1.4776617598483357,3.4207847592885794,1027.6230598022403,69502.66787988292,43.32923396145976,Energy,Americas
-0.24237898212088982,3.1430601490578347,723.6010342279437,138745.94914435135,26.05890496221975,Technology,Europe
0.7894594638264871,3.186140647573603,1038.9303426161719,18953.973753465354,5.8637977280417894,Technology,Asia
0.7803151913845696,3.106814862011245,1036.8729814433034,16227.934283357557,26.90748608775946,Energy,Americas
1.649366351741344,3.7699843945482594,1354.3971763450513,5901.879390098509,6.305359423574756,Healthcare,Europe
-1.0216377641055667,2.558226714336596,1159.0675801827967,6372.068804655715,22.01367327008494,Energy,Europe
-0.9465396058908431,3.004649002756303,1253.9546456967548,15682.201128535784,7.522979953097434,Finance,Europe
-0.8854023351411009,4.856415849017102,1058.616870709451,38217.47918480904,5.544359101056639,Healthcare,Americas
0.18685112413899505,1.713079116888881,973.1057388066843,86714.54744992021,48.139707670501735,Finance,Americas
-0.505918920765055,2.726615203793926,841.0981369628583,6602.684409133849,12.774006457927744,Energy,Americas
0.5416301307336032,4.006695070129528,1030.383038498958,206701.882584513,25.729527086149115,Healthcare,Americas
-1.908063790028406,4.467807457004819,1297.008146341825,14666.402290706048,17.200531868423596,Finance,Americas
0.4767117642634286,1.8832983332215603,1148.3509029117183,21331.690405743815,6.787640129655511,Energy,Americas
-0.5667494874016108,3.2615691619624396,1102.463312024413,7180.9178007694945,13.886220315996072,Energy,Americas
0.7264017454416896,2.7571537255740792,1095.2379339123174,580.3547819736773,6.843388568611028,Healthcare,Americas
-1.2896551971779826,2.2615088923214772,714.0119042476773,82956.20480271486,71.24457925683399,Energy,Americas
-0.8125409593363563,1.825046860395951,1079.144343106547,66520.52633039265,28.986445731150052,Technology,Europe
-0.5440305509574149,2.275423106349463,1102.3466105982166,14443.628532906208,16.958385736519944,Finance,Americas
-0.9326860576407182,1.9495338237509003,1045.3947368596882,24354.844849320965,24.77472664105303,Finance,Asia
-0.04474001179733084,4.8395945172089,1079.68900877403,47758.33217778799,27.71313388453318,Energy,Europe
-1.2805635969741775,1.6459854722138314,755.4063520801787,2113.6703436852754,27.763979783550532,Energy,Americas
-2.553672151808164,5.398449573795754,1088.8450249767754,9960.882827806494,26.949804042738336,Technology,Asia
0.06566665060252763,4.857744266995791,1080.080123025769,72504.00055814467,25.53390005769387,Healthcare,Americas
-0.6145798789651665,3.251606556129824,1138.610014112199,3356.204043146311,18.016511296308067,Energy,Asia
0.050030222555104434,2.222262377899669,853.795184746505,34212.176518955064,45.72895123788221,Energy,Asia
2.820747503969744,4.724622537598995,946.8804111153802,2878.7956053172165,18.885490236203747,Energy,Asia
-0.41480746933065127,1.3517621621881892,1182.9571149966164,44340.11042802017,17.332293738482996,Energy,Asia
1.133981363911324,3.059403625633575,1212.8575466116197,20879.806538450597,19.006149947730965,Finance,Europe
0.79061144411219,3.125111105457617,838.0354252904305,1953.3522460646561,20.01863127571259,Energy,Europe
0.5828837693050155,2.8614213866707408,1041.0757449747364,126387.64765684593,3.3649789745253145,Finance,Asia
2.455211968251199,3.70230986062412,1404.1958165863512,7318.148478045824,8.09569135471724,Energy,Americas
-1.0022025718804244,2.7283558840972257,1056.8988430602096,6532.998756363064,15.368876108262784,Healthcare,Asia
-0.6490662868321054,2.7653280876914104,846.9145949445018,29758.01527951006,3.1805805675676058,Technology,Europe
-0.23600617299539983,1.9263220419148424,1206.4040738232538,123371.57607138614,16.937766836429915,Healthcare,Americas
-1.8629684181092738,2.8528807258951523,926.3754021536894,4799.501184175079,19.825934816710713,Energy,Europe
-1.3512674646667346,2.2032380102625915,1117.810877919501,24161.59757781019,5.117285278315855,Energy,Europe
2.292438486901614,4.335512347733191,1388.4608936581876,41907.6954147269,9.908636431403172,Energy,Americas
1.173117317708604,3.8598256229702654,866.4636268072771,62296.36839707557,39.29195423377612,Healthcare,Asia
1.2780765650081536,3.6202335672424235,1064.4121247935154,28700.28502594053,24.95291980245979,Energy,Asia
-1.1222245635400934,0.9364042450174725,1083.0449799106889,12701.282370128512,23.9615778483498,Healthcare,Asia
-2.054889643798395,2.2501188155774168,987.7898478630603,6365.287437385414,36.14426363644283,Finance,Asia
-0.7042154994640067,1.9953907283178636,730.1302695594769,25064.701599741868,8.23722562593069,Technology,Americas
-1.39346019116616,2.545659101197038,1328.1133031290428,4410.712332415012,5.132499937745655,Technology,Americas
-0.9302875640314808,2.1472881542379048,1031.2136912541898,275.3310728298501,32.93865638112006,Healthcare,Americas
-0.3578016431645589,2.467532826337683,1057.0966146916019,42397.289243354586,15.705246000843351,Finance,Europe
-0.538517010482335,3.244297179255695,920.8429992461845,85468.42270580918,8.042790208328299,Healthcare,Americas
-1.9925005233905266,3.229139074394556,1351.5121842972183,636.2562218062427,3.335046339721402,Finance,Asia
-1.0150730762128102,2.2841899942815056,618.6725706261839,4843.553589112981,19.16722972394551,Energy,Europe
-0.13626930260869036,2.359179615879017,1073.795052895705,55755.50291840833,14.331687081622341,Finance,Asia
-1.1215337187411036,2.525497272914848,920.3551580371251,482262.1884438675,12.464854763369331,Finance,Asia
-1.0157626229010936,2.785103337904134,1091.5847244033232,22724.310135543747,1.3149704941644211,Finance,Americas
0.06373935684873558,4.265541243861367,1037.2400458738546,7390.831970270157,45.33571741171676,Technology,Americas
-1.1063899176941205,2.3752567858880056,852.9666033965349,16741.657246597475,4.213976909654582,Finance,Asia
0.044312470587522204,3.2783056953651637,1121.430755019829,173219.46073878626,13.455772085240325,Energy,Asia
-0.46155637040965963,3.1227775004972105,1270.505024210509,8358.662717928542,11.716624722699933,Energy,Europe
-1.026168738754868,3.1495318048806915,967.0905478378795,6642.289518389743,25.477994871108372,Energy,Americas
-0.333525634348248,4.766008786450461,1140.1311574950548,10677.40084931633,3.3773440784388398,Finance,Europe
0.644794516566518,3.6086072107786316,983.8808068749896,5271.167150048904,23.373624086758845,Healthcare,Europe
-0.07307395015049646,3.0348123235200033,1068.018677425788,26476.30534293922,19.23768284004372,Healthcare,Europe
-1.9542197697793546,3.2546590380459346,1143.1195377026397,251958.0004454313,9.498023763402358,Energy,Asia
-1.8502179143765014,1.7751462279950274,837.4614055820956,35761.20443090732,22.791607885406346,Technology,Europe
0.07098088880476683,4.261652348839342,1138.6137847774044,15085.205085248668,16.915087548795004,Healthcare,Europe
-0.5875682629315219,2.0645345908086257,1024.0473180758486,14218.270857431431,52.49822396869512,Finance,Asia
0.521941613407637,3.705324405436218,837.2375515035407,2111.626509204525,14.321594195065014,Healthcare,Americas
-0.7069729770016909,2.4910144149856785,846.4200632224756,82839.8633316101,7.117357582492334,Energy,Americas
-0.806508164978733,1.989526800644746,912.8483663805831,19599.20345772502,23.539543160038747,Technology,Europe
0.12622720105249904,2.3570025139163477,1063.0975165856414,16802.452377916903,12.942987203999198,Healthcare,Asia
0.2956009687127826,0.9447049085767056,1087.680497449496,2648916.7790334234,16.657520423603632,Healthcare,Americas
-0.5389592556661073,2.6075400668094364,864.3555800831315,34479.81511083635,5.174827959657456,Energy,Europe
0.9825221928246882,4.458836880165954,1266.497746360921,7131.76069598958,25.75243254872565,Technology,Europe
-0.5779734364062238,1.9087926127021606,1025.7502684665412,11619.774287013002,11.305120483704346,Technology,Asia
0.7592783068708472,2.8765575464827395,932.8839360891061,123336.11673202379,20.340169423252714,Energy,Europe
1.107968769291857,4.811733963363039,1057.531985992371,26105.612690547732,61.12587446961821,Finance,Americas
0.8118151560662866,3.7353295498639443,1058.8947709103084,2546.7747470269337,13.676659715488688,Healthcare,Asia
-0.014076954118570621,3.1470858217801037,1044.0191667993608,87451.82959697307,28.238456656489493,Finance,Americas
-0.5573235291404999,2.919771184882947,846.6692544312378,8085.146337239559,14.434839155696984,Healthcare,Americas
-0.7526591009977459,5.539315439386332,1260.1421978989379,365838.28274901496,9.610355839991756,Healthcare,Americas
0.18439207962617746,3.698143728950697,822.6281576503535,111309.74600029785,40.205899437599754,Finance,Europe
0.7040522138702658,2.6768802887594267,1456.470433321136,11260.05916940831,2.3173551490873896,Energy,Europe
-0.9831173230336206,0.25193512444052857,943.6510130127621,150470.83283114588,33.35062837748078,Energy,Americas
-0.3593456201325159,2.9942359043107936,845.6109160087282,24386.45820921925,1.9767226691971533,Healthcare,Americas
1.4561019760720344,4.5462360323046305,1342.7975611727102,79154.78455427109,31.04983821049935,Energy,Asia
1.0925864251833226,2.598209372829501,806.9757548923832,45574.29935333097,16.85161108250537,Healthcare,Asia
1.4962512306961073,4.819253780453758,1327.2748045890048,6188.605252016804,7.135653490327137,Energy,Europe
0.4688098469038941,3.6995224050316353,621.168568802531,8388.988663763304,11.944765431868765,Healthcare,Europe
-0.17241622196339082,1.5440780055570988,1291.4482613627013,103253.37793563402,27.189854584149195,Energy,Asia
0.37687470019266384,2.861601578025162,999.3762164182452,13330.860994741855,57.418408882639554,Technology,Americas
-0.3654320202671814,2.0503053126845376,1154.5640966562573,12022.40540716405,3.530513869508411,Finance,Europe
-0.21973820348859655,3.9032868189549226,1009.0859319855342,5257.001735633129,7.547829154549081,Technology,Americas
-2.1588615611073863,1.4338818979364705,823.4903915706614,41580.99946956509,4.716085986241147,Finance,Asia
-1.558196726437001,2.9917672817596257,1088.7368007339737,485914.216898906,14.34241410164523,Finance,Europe
0.6670256690519473,4.341380163754131,988.1952021698633,4441.292108949323,31.621181725212427,Healthcare,Europe
1.7188849100608723,5.624794904157293,1355.808693309416,22841.382346933366,4.07502994509,Finance,Asia
-0.4456573061203101,4.672516626716173,1174.0336324691157,183199.46906902836,16.511085656416043,Technology,Europe
-0.6492490569881721,3.7883629559553844,789.5689825174536,19546.234010660108,30.938363467962347,Technology,Asia
0.4589938698207655,0.14226765295852095,685.6759560027361,43414.88763690929,11.80341942583639,Energy,Europe
-0.8062619496471306,4.296457282086223,926.5018271574999,4475.662693955171,19.36926982776245,Technology,Asia
2.039939566681382,4.192119336529509,965.8451997737191,41875.68577926231,38.252495774281535,Energy,Europe
-0.7406730910014941,2.403027795182113,664.9111748134854,16635.322955700292,6.310787397560746,Finance,Americas
-1.1509411345593756,0.7307509907187386,1054.3614286601762,96625.21331249103,2.6356522733685677,Technology,Americas
-0.20575527159770596,3.3376579757194653,722.4559959060185,130754.79801419139,21.14331504343157,Finance,Americas
0.2911031251280477,1.6128800213768137,828.553498087003,1071259.3350564993,21.570137519123254,Technology,Europe
1.3071294507001359,3.5806974523090647,958.8650243236094,52546.28923474933,11.134695955271713,Technology,Europe
0.4239826628516265,2.3019594503041527,1114.8365755266473,35907.248956006864,9.37674154342743,Energy,Americas
-0.20453156193784722,1.6104608183981561,1008.9727341603023,29483.216622202595,17.111471867437796,Finance,Americas
0.8353984796771978,4.630261037658997,705.1995509649321,12968.136130588628,6.202008956225162,Technology,Asia
0.04344288540469161,2.8942161174280643,855.2102016413803,36597.15430702638,6.211503431120068,Healthcare,Asia
-0.2791270359767495,3.8894399694579587,938.6685865628966,14141.908255872431,27.065789035240574,Finance,Asia
-0.2528661515689435,2.0474384668983254,911.8443915404688,28358.76590623877,5.799942855874819,Finance,Americas
-2.500868932151525,1.0079988063448553,590.099901803073,158958.16023721127,2.839979258802987,Finance,Americas
-0.19489618666450814,3.6537695078434798,1333.0953758271053,4866.771948659584,9.360416549241357,Energy,Americas
1.0141650526154433,6.906073904918544,971.5917995042408,121761.29901542846,11.36140352794661,Healthcare,Asia
0.6513547505435431,1.2406929149550705,1001.8444391670869,158843.16345155184,23.371816214968018,Finance,Europe
0.7056476041060444,1.6687827811731781,1061.6456216946863,18451.431038319857,10.08170517273292,Technology,Americas
-2.0948531486234683,2.2896885560560847,904.9865026353605,913.4399627966483,42.598730969631056,Technology,Europe
-0.9364522068189117,3.9818445335706056,1175.5526166075506,8850.834429338876,17.792561273045855,Energy,Europe
-1.6641719430393713,2.754044813540682,1041.6081724814064,154120.7738541167,8.258159348132079,Technology,Europe
-0.33079327678966564,2.0280318424885215,1137.0351196472852,21283.723540416508,22.672700718005387,Finance,Asia
-1.738220314444901,1.5494634975130674,868.0792266164675,4919.915583714901,42.09940821960399,Technology,Europe
-0.7944444541600825,2.523489475609524,1419.2525485694048,10330.310483600346,26.55317596558865,Finance,Americas
0.015556842013503817,1.958551177898143,885.2705098820579,77724.82938058926,3.8185949830991954,Technology,Asia
0.4625679034401041,2.3442720033805697,827.1448010695691,50016.10598806086,12.184824496031066,Healthcare,Americas
0.22061579546313095,2.9559176895797425,1054.833613461812,15391.979657022262,20.10989798175155,Energy,Americas
-1.141339233941889,2.3285911766663636,837.9177879221882,12705.1586422741,25.790544806278056,Energy,Asia
-0.528993905629668,2.1993520924056478,1127.9402145765207,12238.754280699219,14.411714631969216,Healthcare,Americas
-1.2175215796567262,1.7484943420628203,1198.1360428844741,5521.388918283167,12.860164812133547,Healthcare,Americas
0.7648657619452873,3.015877797510732,851.6461485345947,248466.55655743973,52.245169257405294,Energy,Asia
-1.426863441046748,0.5322770927636489,690.9190278855422,13582.253041933818,26.826615571453164,Healthcare,Americas
-0.96131756625947,2.407558686327577,1078.4030724752995,136726.48935671846,22.723274031581827,Finance,Europe
0.49684804514769926,1.7321707442904968,672.5188162158374,215771.24571937884,10.448099756381792,Technology,Americas
0.5358958305209491,2.4177922308706536,869.127935333635,98465.97610370866,6.116192935642088,Energy,Europe
0.943253923688446,3.676697951272458,893.937530952865,11528.408020532414,23.00882948689665,Healthcare,Americas
-0.8703106060161158,2.3564036801924737,1198.911254945667,40360.02667947706,28.880754268201542,Finance,Asia
-0.48472825617115767,0.6029480127429312,1357.4656682040861,21241.383088856088,16.594526708714564,Energy,Asia
-0.26679591586307816,3.176899210210299,1120.3642262620474,5678.527350976256,26.87660226415119,Healthcare,Americas
0.025394856268904437,2.778519858129366,877.8742352659782,35829.932363178246,27.35512901079606,Energy,Asia
0.16987932084225793,3.896312425541461,1223.7253125672025,3757.241461456536,30.20740289932661,Healthcare,Americas
-0.050715329786423756,2.124017908239209,932.615627194571,130812.34348345923,3.747530956351114,Energy,Asia
-0.37569826414680346,2.833482327209774,1090.606412943405,10971.695004527384,12.469282615847126,Finance,Europe
1.2636724919167965,4.64951887012337,1384.6990396849349,29784.38327062374,24.001791606453388,Finance,Americas
1.626902028017791,2.1913324033884525,1248.3834791533375,33689.17362538327,17.317535647765926,Technology,Europe
-1.0681284245858573,0.4293668991897954,855.4574288786537,14937.685685781256,27.414282521866834,Energy,Europe
0.7343676617809579,4.944799503010037,954.4757773476649,53105.761396126705,22.713534397496225,Technology,Americas
2.143368303351252,2.861570098148982,930.8689865050184,10803.706136857192,1.458897565907863,Energy,Europe
1.6522557086640508,3.2965290758794676,1022.9960148849152,81384.97447443439,35.222217478108185,Healthcare,Americas
0.795632169047715,3.6571912249433325,1216.0318632709946,2924.9436064381052,11.217688546623725,Healthcare,Europe
1.3431846925657085,5.773372707199775,1058.4189094157136,26624.02730821572,7.825303618641907,Technology,Americas
0.4478643669689594,2.2486658509152555,1062.1063625688696,403686.3518387314,34.4368966110229,Energy,Americas
-0.35681158832543847,2.4533263703431576,1189.5111648222974,4912.326871391427,25.96855461880984,Technology,Asia
-0.09253310368741856,3.4590420671308113,891.6105658130867,7969.543909305455,37.71951618075807,Finance,Americas
0.16012637045661055,2.764916636331962,1220.0981929031914,47613.03153470521,20.272018100615085,Technology,Americas
-0.7884560667920718,2.2810247522556386,819.6985481591138,28835.79201778181,12.339424601318093,Technology,Europe
-1.030433017318948,2.6908729889432967,1177.4398775680415,37270.04310043319,18.58718376979195,Healthcare,Americas
-0.8819374101377795,4.797198207558171,1257.1531960464074,45879.82216846394,6.596640270019276,Technology,Asia
0.459231572150921,0.5918867093566575,882.4866030839154,57072.758791208726,4.592776703388694,Energy,Europe
0.7876357416502696,4.293520463045561,1276.641398387087,116372.29412126749,9.791335179281713,Healthcare,Europe
-2.4836946022965174,2.945355271304002,1090.03592421113,40730.317074114304,45.343114075609904,Technology,Asia
-0.4659732346636844,3.478421270431871,1022.7884317579515,15338.38084339345,10.662314603274613,Finance,Europe
0.8586602765468319,3.1025641430280286,1088.0721488322013,60407.01694758805,2.913814255503288,Technology,Europe
0.17654886076578538,5.783757003775085,1038.671474077649,380721.30455752497,14.733956969833555,Technology,Europe
0.8501391968654619,2.686709261312498,1329.607150742485,18052.67911961336,10.543084886704374,Technology,Europe
-0.8439074074361727,3.472315669247001,974.1507021306771,5106.175880182554,35.654411800702874,Healthcare,Asia
0.6104009435099029,3.8780487505647763,620.0571278418563,115915.9923596875,43.23244468975095,Energy,Asia
0.5834850536633623,1.0365536069961703,944.3396612928499,18387.534736960657,11.878421023583062,Finance,Europe
1.2392599305856633,2.8697861499749053,1159.8841630770141,846.4030638676701,20.257752039961396,Technology,Europe
-1.8001655489148407,2.8154424448362687,754.7265480875972,78521.87408552729,21.510573070832912,Energy,Asia
-0.7537682061290586,1.176403117914043,992.7623404132191,9867.55835195067,16.046424641025233,Energy,Asia
-1.604793440718691,0.02844031403257885,1025.4371224884055,19229.485372875006,13.865645695393054,Healthcare,Asia
-1.0775349754207633,4.436442107350805,934.9544510765446,36241.87495014553,7.355730547540067,Finance,Europe
0.9700077303934453,2.7052268481827006,1230.0921228515215,29311.919456442938,2.388590192982389,Healthcare,Europe
0.6449819322748738,4.127458067389159,1507.324269872692,63842.71284809692,7.3163050162081635,Energy,Americas
0.22194322382162335,3.1413405953341145,989.3051788746799,11461.747254609232,15.612526775416208,Energy,Asia
-0.43369281161541223,2.163564956245893,902.6029562631493,47555.78382450152,4.0827605193741014,Energy,Europe
-0.6313408729431456,2.056976146388637,913.5584336658031,14923.31424725615,19.488230027266784,Healthcare,Asia
2.8703219159853925,3.3839157183514113,903.6347439568791,66717.0433219184,17.57802266177142,Finance,Europe
2.5973997921940097,3.9058820212333454,1177.946262440983,55439.700189928,10.558382373212478,Technology,Asia
0.7880830852028781,1.8634309260762019,942.2803954235851,5414.533179424933,13.399851309462845,Healthcare,Europe
-2.1939122619605076,2.2322201806321225,879.918982813177,112304.94507496805,4.88916640364648,Energy,Americas
0.41309942948639294,5.055042289769952,1148.094089090249,9858.160145137796,29.837199102361723,Healthcare,Americas
-0.9584313063964244,2.1807171331596242,792.4004262426627,74019.71069203127,29.489552868463186,Energy,Asia
0.30889315411385543,3.1604843688191955,737.0945565075031,38212.996914871255,5.803333477725926,Technology,Europe
-0.017259897234668684,3.7971220938600334,905.1902452420538,347067.8299521785,5.969221513977672,Technology,Europe
1.4285724226550875,3.63666534379999,893.786253369885,15753.235101672726,7.406212469074188,Finance,Asia
0.7357282108870775,3.758192553294389,1104.1866811187417,13043.23393420377,24.848064688558615,Energy,Europe
-1.3693366596917789,2.1839175825466843,1101.9291794180424,21394.102762096736,21.46165914789952,Finance,Asia
-1.1623283284339567,2.808269856091157,979.4634157491041,13977.865556210088,34.173297689665745,Finance,Europe
0.2082054590665234,0.5389335489594935,901.1851473210008,73124.06900613486,36.78481115550564,Technology,Asia
-1.961470830541824,2.6200184235644564,1158.6698257885478,1949.9014022780639,3.6847112617194138,Healthcare,Europe
0.32885919518248974,4.053555486405724,538.3259428426408,4534.528424116449,24.226209898404825,Healthcare,Asia
-0.6514630093986887,2.5449842200022026,997.1617567507252,4439.493701059085,35.803682466753294,Finance,Europe
0.5493534194921671,4.216636873002755,960.1344831119432,91625.1785563546,12.715076715147958,Technology,Americas
-0.13284324906506917,2.6475435689510456,1040.4054375376707,286622.14486024284,16.364454970990504,Energy,Europe
0.11439957457489004,0.7198314474464897,1110.4203147957658,18832.251271284727,14.515573652591371,Healthcare,Asia
0.42182720889426634,3.4108339557764826,1141.8865258586272,17098.865841197636,15.026327611383191,Finance,Americas
0.6256430696242976,3.151459794350719,993.0777889658212,24466.94359995697,29.7671089933012,Healthcare,Europe
0.6836234191753369,2.475003753171007,839.665688479266,125846.40745522732,50.99361925657438,Healthcare,Americas
-1.6954822526305429,1.7779386409651297,1131.5341864779457,5480.602387977253,41.61889393492173,Energy,Europe
-0.49584289711715995,3.8859199929034016,1086.5550055309075,31494.036017246275,10.980064191723141,Technology,Americas
2.42026044404155,3.991928745144553,1298.4551532056016,95110.67045151003,20.304938325048077,Energy,Asia
-0.6952641719380757,1.8146634510417736,765.2916471451075,46706.623055105534,8.45779971052892,Technology,Europe
-0.4449563073542231,2.5134810039964046,1123.8904028646411,29271.581946108512,9.246842778348935,Healthcare,Europe
0.5470901402248864,1.4365557839201721,867.7119363933514,98870.79135464606,15.81435477103408,Finance,Asia
-0.2604771969358036,0.7562560671153085,856.570762416335,381.89723744838017,9.028753208119277,Energy,Americas
-2.338088079357767,3.5315426322056167,1238.0126410766377,60889.3145464801,10.243760089853993,Technology,Asia
0.8912392612771078,3.036931482025327,1091.6150944934311,8257.576944106151,19.95235034825817,Healthcare,Asia
-0.2628001980767037,2.7221379036533118,1155.561820848784,1413.8201623151144,23.98565097946008,Technology,Americas
-0.327292908085734,4.437123815804824,1509.9711276567773,47420.2152715487,23.53297809502386,Technology,Asia
-1.5597000550661035,3.4246823299402354,863.0207403832353,172903.31038772172,23.699862915033805,Technology,Europe
0.3638272349157985,4.986948047060961,823.0357064242551,17922.769598212846,5.250641801674859,Healthcare,Europe
-0.5171599647186289,3.8598464941856845,870.7093787887544,91978.65523560159,8.62712690306322,Finance,Europe
-0.2080835961080167,1.2625695105129537,1168.7989251096687,247314.8219921491,17.161255279095027,Finance,Asia
-0.5833797678503662,3.081722807649871,953.6108565118117,158319.69920805815,34.71075237951144,Finance,Europe
-1.03395347670667,1.8017877463983687,1074.711625071775,257801.9140612167,69.59995816799585,Technology,Europe
-0.3603312487534519,4.310151590844756,1104.9667663665766,67049.82217679759,20.904679201719144,Healthcare,Europe
0.5246981704549443,3.805708342536752,1151.4000411811307,24665.245286864105,27.825285611517746,Technology,Europe
-0.30961614398214876,2.866130615268742,658.9065490628057,1992.3124577702538,4.670095888801928,Finance,Europe
0.1531465067177688,1.2832591864920673,1090.6557025365487,15228.230710557014,27.30810786706658,Finance,Europe
-0.29608023834615277,3.679710804050399,1209.9188438177737,6217.543095806496,57.893084558763064,Healthcare,Asia
-0.7013651780867853,3.4416657342239345,1005.3042705648114,571725.3949032497,8.599105443603941,Technology,Europe
0.289319667283162,2.694815961820957,894.8007753941095,16918.64050201627,10.531008974995661,Energy,Europe
-0.4578934942442063,2.5839220035894224,923.2901578564183,26497.54086647177,30.40908409884395,Energy,Americas
1.3124744574921339,3.770798644377585,867.7619721054564,50373.87991484296,16.99658303430264,Finance,Asia
-1.4219302294425338,3.065347772651319,976.8752110892377,23515.23221599328,2.138087665574392,Healthcare,Asia
1.8012138924149186,3.557494947420075,1007.5793728220315,280008.87011902314,11.076643980589061,Technology,Asia
0.5223306020242345,4.099121815876344,1026.6796681478106,8656.155431232668,43.11392713776467,Technology,Asia
-1.1360582304253064,3.4810715784357633,1226.8750807154631,29493.08720564568,13.318443737666668,Finance,Europe
0.6866391254091243,3.366893711656896,1465.1763288536363,7232.16792451232,13.309582672399928,Finance,Europe
1.6810920159356226,5.070303815205199,1240.667924471937,3041.0746437559615,29.0942630728333,Technology,Americas
0.7731682864799364,1.9545087120293148,924.348178439009,8798.586509479168,21.45344054880345,Technology,Americas
-0.21655481737024893,1.2192752451868083,847.3705450366825,20836.151385806035,12.744944982506398,Finance,Asia
-1.0701841168705153,3.894864240296668,987.1974870240239,11568.563593102805,9.94633347773115,Technology,Americas
0.5015846845603149,3.554743406773411,773.3873029509974,7796.019252727285,91.08814528614457,Energy,Americas
1.2519371483761492,3.2272693966006716,969.6500114075535,2671.8430776091077,38.45270485798324,Finance,Asia
-0.19098235474188208,3.544737959854514,1071.0497854750743,19444.92989053934,23.693612732541247,Technology,Asia
2.002340395835477,5.482402516525934,984.503718459138,2305.1924375525036,24.777176373207087,Finance,Americas
-0.06385369208478689,1.8774859642454116,912.966964215987,68877.43815473303,15.098955246999937,Healthcare,Europe
-0.555378267541054,4.616243378317875,839.7734046070921,24925.823400300298,21.268035475178255,Finance,Americas
-0.990263044846635,2.0723883840478754,911.8982438095028,2474.200891637198,13.872510979354129,Finance,Americas
0.08083127698179081,3.538077212390322,872.2457154164612,13852.020485778017,7.914305694418315,Healthcare,Europe
-0.8475064303734146,4.798972971828032,655.6920299639324,7127.853324828802,21.87521416283677,Energy,Europe
-0.5962452797506229,2.453410791606569,890.3724258477359,35552.3581238338,12.937843423956771,Technology,Asia
-1.0878701249730611,4.696909095418447,1048.0081793732604,164501.615372788,22.699597102333115,Healthcare,Asia
0.5560473023854117,1.4855951388988327,987.6548636006415,1322.4499202523036,25.792747584809778,Finance,Americas
-1.583679881003668,3.425348554766989,857.4903779780218,26174.452502790034,23.559469718847748,Technology,Europe
0.01897249790703842,3.0203043872153867,891.006170597267,17323.18066893767,7.339667643094137,Healthcare,Asia
2.1786949094458867,5.974304343629344,1160.3438949521378,60295.34091721479,11.838276801603042,Technology,Americas
-0.03336771138443421,4.20828441566878,872.8506192089235,30327.038167595758,13.139960622666568,Technology,Europe
1.0658499016029923,4.233267587931051,1347.8962370940799,7129.853757951645,32.7050405285877,Healthcare,Americas
0.15794979212007149,4.780401674728667,1084.6985998902155,13648.966677970968,31.557996418636915,Technology,Asia
-0.15657370329719833,4.849027168419893,1069.657111188906,6673.910271899706,9.081877295596621,Energy,Asia
0.843092692588929,4.193307788966311,1254.2104854574227,110637.09480425935,5.127044102944824,Healthcare,Europe
1.3744811167255993,4.008074266556806,992.9885124497146,22741.971773175766,71.72514439310919,Energy,Americas
-0.16383968608984692,2.74179124180794,1084.531753750329,381469.4426629264,22.904285188144684,Finance,Europe
0.3846471859423978,3.7503431197917982,1247.3031052980484,20110.729936090676,4.4577380103162545,Technology,Asia
-0.3899114515114655,3.515371023621965,709.4162214558994,7611.3044564928805,10.387016276821434,Finance,Asia
0.17215685496590458,3.652197119313887,1437.1319044005747,2274.3018634493583,33.635768903121985,Finance,Americas
1.0586167749195443,4.754424128557431,1002.8197060930993,1473.3448242178165,60.78023279715065,Technology,Americas
0.27937949375473975,3.846056959428301,1037.4089328210716,2046.3153926600028,54.36801513456635,Healthcare,Americas
-0.8242777955353694,3.4802019257323624,906.6332884895528,32882.305868024174,22.21952885732659,Technology,Europe
0.37167044094263324,2.423557808229992,792.5881276902386,47244.31153330944,16.71028226063591,Finance,Americas
-0.17226070151348183,1.6200858052462344,1280.914584192282,2055.3757294884995,6.704928531752701,Finance,Americas
1.059623421544552,4.8067173904711264,1028.4760827529844,84335.4410244624,17.79753795491485,Healthcare,Asia
2.088635638630835,4.175507281268649,833.8798265699463,10672.316475589438,7.574031875105977,Technology,Asia
0.11557291788253168,2.3550200876952756,551.7666962936379,27451.868613664305,11.933762715145713,Finance,Americas
-0.019755117732598047,3.443508303874858,777.2706779901835,247293.4438853537,30.38717644653278,Energy,Americas
-1.5614047239473214,1.7647170611738332,926.656188861692,84563.58146701624,13.817512318868765,Finance,Asia
-1.3293614953653743,3.944427943851639,1132.6816376629329,14723.557309604876,13.089490474335385,Finance,Americas
-0.6174370048528705,0.6298616381159912,832.8152812354277,5786.087810975284,16.026893223196172,Healthcare,Europe
0.31821409602207396,3.1399643660185013,983.667350705476,873.2980425756579,78.56043146665061,Energy,Europe
-1.7652811511861093,2.4146354305198536,1107.39018420317,7489.595136184658,6.0383569516907425,Finance,Europe
0.37009973673794255,4.3102954310958825,951.0570841402051,16047.44044097811,20.55853050568198,Finance,Americas
0.09799298717259754,3.989004774223681,1073.8515358133307,5010.197975034994,51.239885190933414,Energy,Asia
0.782301261381648,4.773573818346861,1088.1218350991,18089.999474887158,15.990244994338989,Technology,Americas
-0.9952451632924922,3.8062514954150823,1143.7852025494524,24717.77314636744,37.97880525397677,Technology,Americas
0.923565965580139,4.636954050343641,813.1361144419508,15720.423837423215,4.777931671777093,Finance,Asia
0.2565090905558256,2.260220672886459,712.7728729291019,8308.182310831537,14.181135785337089,Finance,Asia
0.1653614462607203,2.4561667573668102,1185.2392499565206,28367.006559712376,8.324844504893695,Technology,Asia
1.1534006715085132,0.7094702392499079,638.0379772010153,42740.87384878998,15.85994563110815,Healthcare,Europe
-0.5441965900154062,3.49798222298719,664.7650227308895,4291.541982565652,16.119909468131727,Energy,Americas
-0.4272836790801131,2.117288482929106,1112.6106367084863,182845.82120150878,17.42701511896998,Energy,Asia
-1.842611812825362,2.3936708407771645,1034.3271446112624,18998.547380607426,30.194523088683503,Healthcare,Americas
0.06141128595247908,3.135073175936069,1180.0827253488296,22658.13968663438,1.2335274342920726,Healthcare,Europe
-0.9554536131006138,0.7903860657527613,1101.196636616616,63724.32487801832,9.997083352968696,Healthcare,Europe
-0.5343594459229841,1.5257820965298785,894.4138398770184,31251.548217434884,19.545835955016987,Healthcare,Asia
1.251251494172868,4.18427184024341,1336.39223906408,92014.82191899476,2.282835096125724,Healthcare,Asia
0.24342610394733558,5.128978723608441,1072.6284380581533,33883.59482606536,26.015525893788013,Healthcare,Americas
-0.9048425432158973,2.6267152177152773,1031.2782403552662,8789.77100027849,9.835938479165959,Energy,Asia
0.128516225636657,4.391654204800139,1051.8681045593728,37882.90704202862,14.396150715144714,Healthcare,Americas
-1.079308630108869,3.416254938765688,1224.196091664858,3961.6294188271745,31.13726983980903,Technology,Asia
1.7972437812703081,5.015212091638638,977.5496533791566,25921.79912294327,39.137369740667374,Healthcare,Americas
1.0387551647190716,3.6496641283774576,1337.1767165149686,20955.470522023985,26.572057018922916,Healthcare,Americas
-0.6326101434092122,2.637346117557568,913.9736443824114,16120.140212862596,5.871183448746455,Energy,Americas
-0.1913006128997763,2.5891493538735206,1120.3066742390686,18163.942613180672,25.653846337375526,Energy,Americas
1.1922807132126143,5.919247735431159,1373.1766167529586,1309.2718628166604,26.869480927973484,Healthcare,Europe
-0.39494181048252897,3.404703464432449,1004.3613727859116,9671.247993456585,23.2945813368538,Energy,Americas
0.8927234540212907,1.5954123773050615,804.2225924708197,25317.910564700152,43.411171795217214,Finance,Asia
0.8494278601061072,3.6534538761264153,1059.6167054785087,27995.094797196416,17.772455780402407,Energy,Europe
0.7937970128516973,1.7107935592260353,1346.5590178997352,4714.920286731467,42.31192799235343,Energy,Europe
-0.634306762611579,4.93009575271507,1014.603368966143,147054.97292024246,42.14183754139071,Energy,Americas
0.5513801344097096,3.952225689306523,877.434165063605,6007.342365674421,27.397643301719615,Energy,Europe
-0.028131276663803675,4.153805081259746,940.2304492074861,94295.22214453766,20.796114396569298,Technology,Americas
-0.5821860692834558,4.521493489946971,645.5281159811033,41805.84924473378,23.38999903430838,Technology,Asia
-0.3010114856589517,3.3770404941020082,864.9004438331632,8355.36423752038,49.65524528470372,Technology,Americas
0.25972525874579444,2.231835527635295,1067.3579627497068,315832.20001282246,34.68055085667238,Healthcare,Europe
0.2609034636378346,4.478262958456235,960.7445006549735,3675.8686547851166,6.57472570384885,Healthcare,Asia
2.5659273389871595,2.4669247971252704,902.2029851182635,87442.02317205256,22.34977941067971,Finance,Americas
-0.46231497661060633,1.452127182151613,1278.25699803497,98802.03464180647,7.943986277861246,Technology,Asia
-1.9269329987328323,1.64321678032358,817.3508795303977,8055.172304527083,9.586086494091276,Healthcare,Asia
0.1265419847719243,3.1595370113583257,897.2466735116203,177850.38641865266,12.326423516242937,Energy,Europe
1.152391698029264,2.7341933189585097,1091.3142127903852,15137.497581636566,4.309621840754582,Energy,Asia
1.1548014728027507,2.2194607628463707,1210.6612297861493,33963.45742265918,7.479727428387369,Technology,Europe
0.11891686893502865,4.794766175252973,871.6391743763587,32548.37613793695,44.98068771668213,Finance,Asia
-0.04013940892830422,2.3454984966387173,941.1168894181752,18007.378828492292,9.534876884126183,Finance,Americas
0.39250550646155835,4.446047640353429,1399.8379252131674,74325.72555478,30.311598262780922,Energy,Asia
0.5889613702031063,3.5698634163208554,1196.6178515796778,72419.65944637984,18.984987925843274,Finance,Americas
-0.0605732746366627,2.8266641043154257,963.2438866301442,1599.109259099378,24.87798131635824,Technology,Americas
-0.36055026620098785,3.665736249199435,1142.8610575239982,155828.35068492978,25.626901182495992,Energy,Asia
1.5719714240986997,2.2033686446812006,980.4846982387293,1819.399931878985,7.176737019243618,Healthcare,Americas
-0.347574428533552,4.1719019679175195,1171.6788232077333,103654.58025462022,30.18959897529516,Healthcare,Asia
0.6332344440889119,3.990452254961256,365.47893895849836,119378.89496638096,5.281419382518554,Finance,Asia
-0.8160728107082514,2.5999792681183536,1250.221731580563,4287.8913088386735,9.192637063496411,Energy,Americas
-2.1001496968385482,2.709799005824509,811.1640729609588,11893.871757223418,25.366344443193483,Energy,Americas
-0.5914414313364663,3.5240256335680042,956.4127890727516,4194.137505938026,6.742576665130384,Healthcare,Europe
-0.07444747531932047,3.5200158619041724,1093.8507137851607,15956.450628400953,2.0001193419255374,Energy,Americas
0.39072443597829093,4.011654744306482,1477.2622296065497,13876.45188806411,21.600410001724182,Energy,Europe
-0.016377693875244955,5.1216388648563775,1176.0149089201095,70932.9822583576,3.5279401293664674,Energy,Americas
-1.7791549527260666,2.729410520798321,1161.020666146666,157229.70735044612,27.0616778336335,Finance,Asia
0.48409467688426555,2.5333343595674296,763.8535720819173,178711.0824308213,13.063475488291111,Energy,Americas
-0.07128087359837683,3.462680179778085,977.8286821099792,9478.183473156112,21.377251419893323,Technology,Asia
0.6970610235174002,5.097120079093944,1036.2215315823894,16093.442814075055,21.090470492766514,Finance,Asia
-0.413661018147406,4.438584063916942,924.0433462280063,1763.124347489269,28.470210657872133,Energy,Asia
-0.48832416945793866,3.4336786453879213,739.9953851674496,6576.08524865811,25.889910098750363,Energy,Europe
0.8507020830922489,4.289879306500849,900.5305852817785,93646.04260074753,6.685338778082154,Technology,Americas
-0.08320051302080791,2.872564741050595,1029.9478092558797,248543.7673885183,13.710013879981817,Finance,Asia
-2.3419002306520493,1.6808833167511334,826.5272483803324,3458.107289354101,21.35899780238809,Healthcare,Asia
0.8797992376317784,0.6745407654989086,860.3223825886566,9057.09412894558,42.81622859251399,Healthcare,Europe
-2.199713121328916,2.014540313942603,913.5774568895724,21171.079706692737,26.056519768199816,Finance,Americas
-1.9016756000492498,3.6325917192964887,1221.4154647654393,33531.53902104846,40.38332114705397,Energy,Americas
1.9794830637714658,1.9946989788881777,1202.2364737467135,6539.360914085149,22.1756828134928,Energy,Europe
1.010795146575883,1.7530234421058275,1493.0988405854823,41609.8237703369,35.091155625794684,Healthcare,Europe
0.6064515990543438,6.625165084548783,1131.28941510668,10820.967643331984,20.096854913569246,Healthcare,Americas
-0.1752614238872597,4.232003182085519,1094.5633728887742,21554.105626192002,34.126870215019366,Healthcare,Europe
0.2674088231806415,3.6579066535565268,1141.9139999211102,49982.407475458705,12.529118258974371,Technology,Americas
-0.2400277869851341,2.0463103007406787,1009.6482711639751,22239.680999553817,46.09409395985574,Healthcare,Americas
0.29833249050026583,1.7790084092706153,667.3872168340794,11446.29257770494,23.98859695832322,Technology,Asia
-1.2374128011620331,3.3298676414501673,777.2497625862807,18687.03588260628,4.342510972582855,Finance,Asia
0.06631515773276936,1.2728089826275004,1227.299833981424,19292.188676743106,21.877808476985393,Energy,Americas
-0.17518744659720456,2.2374496904697887,1214.897172489612,12644.573821021831,26.116353234544903,Healthcare,Americas
-0.5164100816126594,2.2319991031017423,1137.392514879749,14940.126203382368,30.90608534225401,Energy,Americas
-0.9217895577463356,1.9420446672407556,754.0112055153984,242309.4132840276,56.76470595300777,Energy,Americas
-0.11104174206262046,2.8092710908171155,671.8918503621453,51091.79378028987,10.952992169451722,Healthcare,Americas
-0.7903914403658049,4.046156218122926,1103.54027154124,14140.234492714899,57.011416261306884,Healthcare,Americas
-0.3160862663183403,2.642698995047006,1037.4927635040237,62657.05769708909,16.71442312618134,Finance,Europe
0.1283665442686236,3.2930133952177156,1106.060856514772,13349.988005532206,8.801417379207344,Technology,Americas
0.5267168483697825,1.405103149809855,879.7894227431552,127987.38154722552,11.15367650310559,Technology,Europe
0.22893021406254999,2.090893696060431,1382.302785132045,38348.21605708518,25.040707158475357,Energy,Europe
0.5793514646026061,3.5395828781199996,831.3488595773149,18751.83295074452,7.693174328460385,Healthcare,Americas
-0.3094566957870897,2.908838110552464,1266.832816053773,43112.80745661047,12.703648661570682,Finance,Americas
1.974385440162774,4.45403328958793,770.8476139915334,2087.42342182669,21.48838978165342,Finance,Europe
0.12628145209080727,3.9828781293316364,1042.8795572153883,4063.698492364981,45.85913302557,Finance,Europe
-0.15470218038542113,2.803134619967937,967.1966748324533,3674.2800599507905,30.30103452091785,Finance,Americas
-1.1799902858903029,4.911522630234884,943.8981984111355,27293.794349969427,17.234774016308396,Finance,Americas
-0.8692713546053001,1.2637818564865415,930.0023409740863,296194.7627598772,24.96049745081224,Technology,Europe
-1.1162054371166523,3.8938820941529313,1534.9938963181846,625902.707884694,19.98027220135305,Technology,Europe
-0.35967341621212695,3.3372841061706677,1348.5346836153653,57358.518805399326,5.785774607295389,Technology,Europe
0.32817924691524386,3.176390719642606,1333.167250467684,46689.13271570514,51.15409337754099,Healthcare,Asia
-0.2331156282510858,1.396715578377189,914.4155568297523,1477.953144097071,46.338877231994914,Energy,Europe
0.3200780371202874,2.206663533379002,756.4027257463237,9759.430237511498,15.730119167736243,Finance,Asia
-1.1115687278935424,1.5673099317313561,1092.270882192263,6756.9330289038935,11.48932258425004,Healthcare,Americas
-1.256891780016845,1.3624850300148448,1223.8320473175095,8679.581590415115,5.916829628155067,Finance,Americas
-1.7063577526607314,2.916666512538917,1279.510479249915,17116.26178413777,26.067672494216836,Technology,Europe
-0.2690374663840173,2.392263237792121,1103.6174215593776,10849.389970319662,26.18645846830434,Healthcare,Americas
-0.2373599896343396,3.5396781626022276,1108.5416744871475,1131.218087233985,8.290131111009973,Technology,Americas
0.9704206344946074,2.203347822010555,812.0138757606744,67633.95198032586,20.15331300879843,Finance,Americas
0.0121082535819494,1.6724650944643946,1004.1629072476519,4406.71794581469,29.658856499835856,Finance,Americas
0.4669674081275171,4.937438542550396,1212.7604850853168,31535.53537641461,10.849073736246543,Energy,Asia
-1.38727347838996,2.7261536962063055,793.9857470485706,494411.7765007294,14.256782114566267,Finance,Asia
1.0896548549038072,5.713369279621475,959.9750082660692,5546.50407912861,14.147790404165121,Technology,Europe
-0.23813880799900128,2.803992436507224,1047.176490220658,495.0054219190423,8.766930641263881,Finance,Europe
-0.3615767879800525,4.102901321462703,949.5754949449314,14342.661077273877,14.487100939267723,Energy,Europe
0.44999084013753704,0.46959765058134106,882.5873475943824,114856.57470529391,3.6026732040380587,Energy,Americas
1.140767785745108,1.1117029051884457,1131.6556729270815,415617.7228600781,13.573337179680712,Technology,Americas
1.5599159505712241,5.831726618451608,1003.448248191757,3483.0917363066324,13.739310800762048,Healthcare,Asia
0.3268048938261526,3.39056992263874,1163.3986758651988,46399.72608492477,15.881942733575,Finance,Asia
-0.15515382697412705,3.179909371434732,1190.5240276101904,10960.29323135651,23.654060810868923,Energy,Europe
-1.0812290081688636,2.83643119458865,1083.9243260161666,18789.950697665477,5.459331956867132,Finance,Asia
-0.9001779137317879,2.344920777811164,987.9764084831903,1163001.8480372534,6.5088365399773105,Finance,Asia
-0.1932582589302664,2.65696599188777,821.4303843033413,2311.2516749772017,8.571401661871452,Healthcare,Asia
0.5596959109028039,3.9451051908638894,1200.816026655841,32228.59858731421,4.908939863058274,Energy,Asia
0.5809257311065846,5.064332323373728,1121.1735838044722,44424.205005092204,25.589104649178623,Finance,Asia
0.05720487607858214,1.1449795773877502,1040.0233066687958,112271.96743180051,10.456411132054129,Energy,Europe
-0.2863702641167124,2.14128278723382,957.4549363004353,25513.79920836838,16.264074545435676,Technology,Europe
0.378709321512351,3.561644910783299,995.5640533602996,34964.054877991206,7.937727689760894,Technology,Asia
1.6829772697167327,2.431029881203502,1093.1223110194562,12240.766159861996,12.441635464450016,Finance,Europe
0.624384233396588,1.9459638249248348,817.6787667680176,32981.115262425876,20.863996523895672,Energy,Americas
0.09958142226369916,5.405979694746837,1074.3499192482882,13163.61136089275,21.602711659418688,Finance,Asia
0.7074055542501674,4.574603706620554,913.9682727827202,55958.06415350523,6.77440487246194,Energy,Americas
-0.20701685227597752,2.075005257924806,951.1955123630786,12652.176009636263,15.647632561300213,Energy,Europe
-0.11796260116208541,3.0913592381723247,918.2916740850139,38779.6378762471,8.059376582402354,Healthcare,Europe
-0.663936647616495,3.9751821117330737,988.4694600237831,21080.543382310578,15.204216042083926,Healthcare,Americas
1.3338170623472052,0.7137820978478064,1229.9935969665792,119261.68318564033,9.734445376508411,Healthcare,Europe
-0.40197955351825815,1.822358268281923,1224.9408321957292,20392.233868243493,53.28466176250168,Finance,Asia
-1.7574957309906014,0.8154497368924436,821.9297326816987,1541.4075904052822,29.541618013078413,Healthcare,Americas
1.8490898028517757,1.5942879618764885,1165.5550838709462,146222.13997806617,22.28500880303534,Healthcare,Asia
1.24160519930384,2.568271002179918,879.4921657398431,5661.258796658893,13.319327974375812,Technology,Americas
-0.41273209117093856,3.3047470737523246,1037.0801966880776,8261.409486970828,30.131773565069345,Energy,Europe
-1.4669682548599678,2.5129236123565852,1053.0490810591505,9013.764338217705,15.999240919665505,Energy,Americas
0.6674988307593224,2.5095571982583884,968.8683698825125,173105.60828711218,49.76620843166164,Healthcare,Americas
-0.491915517388393,1.7951348418574182,938.260193558242,894.7001901044506,32.214440850601754,Energy,Asia
0.85674333482229,1.5473420222824923,1378.0145325085507,2437839.6128315353,12.368715332074345,Technology,Europe
0.7497765904537845,3.096416138008321,1296.777268019102,107375.27426965728,46.08075156575967,Technology,Asia
-1.5162447149317435,3.552580805347641,1224.6738213591345,30787.325397345885,13.37377081817407,Healthcare,Europe
-1.7908193358966356,3.670596406841047,1149.8055626739012,20285.446750298903,55.31539429239287,Technology,Asia
0.05738603180802214,3.6740855139093007,858.5086802429045,33803.88826519057,47.70340066411562,Energy,Americas
1.2047909238123669,5.224001321898601,1211.5440760317008,48131.09161386324,20.781887160244132,Finance,Asia
0.6119454579832694,2.8961610266402977,836.9959354264978,57978.259260670224,3.753411399028164,Energy,Europe
0.848468294580426,3.8192662830206845,1394.0402403679968,50686.08523771592,19.624788399237495,Finance,Europe
0.006278344764141033,1.2184636779598006,1075.6055619128454,25194.248715655598,6.135082874267555,Healthcare,Americas
0.7142691982786304,2.344622584480632,1256.1639665299463,16382.883332464646,9.986298610454313,Finance,Europe
0.2685760917459265,4.797729745955797,1071.6857592438378,17554.929532917875,10.630512133312006,Technology,Asia
0.8963220500689956,1.9943589636130488,1218.4472071694786,16442.711358111723,6.085087967821217,Energy,Americas
0.36714935830862566,3.1646596195801324,1306.3403004295676,120650.73286017698,19.6790500390449,Finance,Europe
0.29404002255506556,4.336238339222388,1246.6428573573187,53655.27595159743,9.010244351884651,Energy,Europe
-0.5723198074732978,3.5934133831270607,1447.8018653091901,267.5795881834871,13.864230726345976,Healthcare,Asia
-1.0108624926999237,3.960098243580559,1004.3111305586594,58915.00934670056,10.706343153667845,Healthcare,Asia
-0.39133032080894026,4.241336836509378,1085.2687454861207,29498.783142730426,23.726445182906126,Technology,Americas
0.22799063086679766,1.5063340424999703,951.8749154671026,21416.926907342946,22.517869209161695,Healthcare,Europe
1.5840298207033698,3.9294139515263997,549.783671391996,12298.373789287758,13.00032988672822,Finance,Asia
-0.45340916843568957,2.7424903250279864,964.5732622460353,118915.57659921145,24.568446965593495,Healthcare,Americas
1.1522272047743392,4.011126774706765,1135.6687220056665,91243.74244830228,38.09991370059111,Technology,Europe
0.317652458356411,3.12893083209898,958.4650842548355,6909.713804111773,1.6342720954974477,Energy,Europe
0.10739180168993824,4.499373667123363,1303.958078317231,40561.654574372486,10.20122099964138,Energy,Americas
0.7078913808076273,4.608270292397764,1096.684589600331,5128.225122026376,7.264264669357021,Healthcare,Americas
0.4250764464114187,2.619249845703681,731.2898393102097,2781.019185024495,9.4466712897847,Finance,Asia
-0.7414897182834771,3.9371117486423812,878.9253883786791,8603.498166782249,1.2533361986943299,Technology,Europe
-1.1302690616175826,4.062292527374192,996.1628735368795,80305.2444549868,1.5435643791883344,Finance,Europe
1.1459082806142697,6.130060442385407,971.3574391130413,92013.22245712201,11.011809065694377,Technology,Europe
-0.2780864138577662,3.2459960270741783,629.737506815117,47554.33020345364,10.754148479529896,Healthcare,Americas
0.8129710720708327,4.193730058618983,1235.2277878224565,65358.558876130825,41.78267975614057,Technology,Asia
0.23977088822809758,1.9115314624411095,763.4414805857414,47775.4615834482,18.557609053136215,Technology,Europe
-1.0865226645080264,4.101276861975053,868.8582121059602,8415.054702227493,24.12717962547131,Healthcare,Americas
-0.9496451506828913,2.0679364890454996,1113.565257450009,42103.40170545496,136.10232684515387,Finance,Europe
0.034966893289955225,2.7809367792218542,1254.5913358614002,73175.37877537443,50.31947059181498,Healthcare,Asia
-0.9579398373146067,2.439039584443364,1026.4198464485646,68284.42590363948,16.085983608972253,Technology,Europe
0.9031110905813893,3.023806425235048,963.1720343915181,131054.698024945,11.767816102382918,Healthcare,Asia
0.6062389865795372,3.4369404029578243,891.9591005811318,63732.87317205954,10.339437535326663,Technology,Asia
0.008735961234559123,3.3766205036640113,1353.5337917314705,37315.807570523626,21.29279007957594,Healthcare,Europe
0.7553543619767067,1.1146906688011928,1225.167742580861,109669.36629790562,11.85033022963977,Energy,Europe
0.7987498078394563,3.4931190648799055,660.6739809242797,21167.41206213188,5.920364392189047,Energy,Asia
0.1438811808798566,3.524750102022704,1522.7908843964908,5867.524030003773,10.666785450080127,Healthcare,Americas
-0.04613693706317847,6.660869865221792,1247.2527073543122,17247.104513565733,21.735792917642662,Finance,Asia
0.43370076004344316,4.846846341197123,1209.2456951321808,7205.832401070425,27.175352765287464,Technology,Europe
